NO,SIDO_NM,GOV_NM,LOCALFOOD_CERT_NO,CA_DT_START,CA_DT_END,CC_DT,WP_ROAD_ADD,WP_LOT_ADD,PC_ROAD_ADD,PC_LOT_ADD,ITEM_NM,CULT_AREA,CULT_SCALE,CG_DT,BIZ_OPR_NM,CRN,PHONE_NO,AGENCY_NM,ST_DT
000073,강원도,원주시,2017-0302-0287,2017-09-21,2018-09-20,,,,"강원도 원주시 소초면 수암리 529,산52",,복숭아,9204,,2017-09-21,이희구,,,강원도 원주시청,2017-11-03
000074,강원도,원주시,2017-0301-0281,2017-09-21,2018-09-20,,,,"강원도 원주시 소초면 수암리 632-1,-2",,배,6132,,2017-09-21,김철종,,,강원도 원주시청,2017-11-03
000075,강원도,원주시,2017-0302-0224,2017-08-08,2018-08-07,,,,"강원도 원주시 소초면 수암리 939-1,940-7",,복숭아,4713,,2017-08-08,이금순,,,강원도 원주시청,2017-11-03
000076,강원도,원주시,2017-0301-0283,2017-09-21,2018-09-20,,,,"강원도 원주시 소초면 수암리 986,1009-2",,배,6796,,2017-09-21,신경희,,,강원도 원주시청,2017-11-03
000077,강원도,원주시,2017-0202-0155,2017-07-03,2018-07-02,,,,"강원도 원주시 소초면 평장리 362-2,429",,감자,5858,,2017-07-03,이종은,,,강원도 원주시청,2017-11-03
000078,강원도,원주시,2017-0202-0288,2017-09-21,2018-09-20,,,,"강원도 원주시 소초면 평장리 431,434",,고구마,5346,,2017-09-21,정연주,,,강원도 원주시청,2017-11-03
000079,강원도,원주시,2017-0203-0107,2017-06-19,2018-06-18,,,,"강원도 원주시 소초면 평장리 489,490",,마늘쫑,4298,,2017-06-19,이규성,,,강원도 원주시청,2017-11-03
000080,강원도,원주시,2017-0302-0220,2017-08-08,2018-08-07,,,,"강원도 원주시 소초면 평장리 735-25,-29~30,-41~42",,복숭아,8048,,2017-08-08,안영준,,,강원도 원주시청,2017-11-03
000081,강원도,원주시,2017-0301-0286,2017-09-21,2018-09-20,,,,"강원도 원주시 소초면 평장리 770-3,-4",,사과,8984,,2017-09-21,안광수,,,강원도 원주시청,2017-11-03
000082,강원도,원주시,2017-0201-0209,2017-08-08,2018-08-07,,,,"강원도 원주시 소초면 평장리 887-1,889-1",,"""고추(꽈리,오이)""",2828,,2017-08-08,송영팔,,,강원도 원주시청,2017-11-03
000083,강원도,원주시,2017-0204-0210,2017-08-08,2018-08-07,,,,"강원도 원주시 소초면 평장리 887-1,889-1",,대파,2828,,2017-08-08,송영팔,,,강원도 원주시청,2017-11-03
000084,강원도,원주시,2017-0201-0211,2017-08-08,2018-08-07,,,,"강원도 원주시 소초면 평장리 887-1,889-1",,옥수수,2828,,2017-08-08,송영팔,,,강원도 원주시청,2017-11-03
000085,강원도,원주시,2017-0201-0214,2017-08-08,2018-08-07,,,,"강원도 원주시 소초면 평장리 893-2,-4",,노각,2296,,2017-08-08,송영팔,,,강원도 원주시청,2017-11-03
000086,강원도,원주시,2017-0201-0215,2017-08-08,2018-08-07,,,,"강원도 원주시 소초면 평장리 893-2,-4",,울타리호박,2296,,2017-08-08,송영팔,,,강원도 원주시청,2017-11-03
000087,강원도,원주시,2017-0203-0216,2017-08-08,2018-08-07,,,,"강원도 원주시 소초면 평장리 893-2,-4",,비름나물,2296,,2017-08-08,송영팔,,,강원도 원주시청,2017-11-03
000088,강원도,원주시,2017-0201-0217,2017-08-08,2018-08-07,,,,"강원도 원주시 소초면 평장리 893-2,-4",,가지,2296,,2017-08-08,송영팔,,,강원도 원주시청,2017-11-03
000089,강원도,원주시,2017-0203-0212,2017-08-08,2018-08-07,,,,"강원도 원주시 소초면 평장리 893-2,-4",,부추,2296,,2017-08-08,송영팔,,,강원도 원주시청,2017-11-03
000090,강원도,원주시,2017-0203-0213,2017-08-08,2018-08-07,,,,"강원도 원주시 소초면 평장리 893-2,-4",,곤드레,2296,,2017-08-08,송영팔,,,강원도 원주시청,2017-11-03
000091,강원도,원주시,2017-0203-0026,2017-04-24,2018-04-23,,,,"강원도 원주시 소초면 평장리 893-2,-4",,원추리,2296,,2017-04-24,송영팔,,,강원도 원주시청,2017-11-03
000092,강원도,원주시,2017-0203-0027,2017-04-24,2018-04-23,,,,"강원도 원주시 소초면 평장리 893-2,-4",,쑥,2296,,2017-04-24,송영팔,,,강원도 원주시청,2017-11-03
000093,강원도,원주시,2017-0302-0267,2017-09-01,2018-08-31,,,,"강원도 원주시 소초면 평장리 산234-3,332-1,-2,326-1,-2,327",,복숭아,13494,,2017-09-01,이우연,,,강원도 원주시청,2017-11-03
000094,강원도,원주시,2017-0302-0177,2017-07-17,2018-07-16,,,,"강원도 원주시 소초면 학곡리 236-2,250~1,256,258-2",,복숭아,11659,,2017-07-17,오경환,,,강원도 원주시청,2017-11-03
000095,강원도,원주시,2017-0302-0164,2017-07-11,2018-07-10,,,,"강원도 원주시 소초면 학곡리 415,415-1,404~5,408-2",,복숭아,6995,,2017-07-11,김주호,,,강원도 원주시청,2017-11-03
000096,강원도,원주시,2017-0302-0170,2017-07-11,2018-07-10,,,,"강원도 원주시 소초면 학곡리 88-4,-6,201-1",,복숭아,3896,,2017-07-11,이용득,,,강원도 원주시청,2017-11-03
000097,강원도,원주시,2017-0301-0253,2017-08-21,2018-08-20,,,,"강원도 원주시 소초면 흥양리 3,4,11,12,17-1,17-2~6,14,15,324",,다래,10582,,2017-08-21,노동호,,,강원도 원주시청,2017-11-03
000098,강원도,원주시,2017-0303-0122,2017-06-29,2018-06-28,,,,"강원도 원주시 소초면 흥양리 384,400",,복분자,4327,,2017-06-29,신재성,,,강원도 원주시청,2017-11-03
000099,강원도,원주시,2017-0203-0017,2017-04-17,2018-04-16,,,,"강원도 원주시 소초면 흥양리 403,401-1,-2",,산마늘(명이나물),7311,,2017-04-17,신재성,,,강원도 원주시청,2017-11-03
000100,강원도,원주시,2017-0203-0037,2017-05-10,2018-05-09,,,,"강원도 원주시 신림면 구학리 199,764",,참나물,5940,,2017-05-10,김병철,,,강원도 원주시청,2017-11-03
000101,강원도,원주시,2017-0203-0259,2017-08-22,2018-08-21,,,,"강원도 원주시 신림면 구학리 200-1,-4,258-1,-5",,양배추,10248,,2017-08-22,황상연,,,강원도 원주시청,2017-11-03
000102,강원도,원주시,2017-0203-0329,2017-11-02,2018-11-01,,,,"강원도 원주시 신림면 구학리 200-6,258-4",,배추,2545,,2017-11-02,서진석,,,강원도 원주시청,2017-11-03
000103,강원도,원주시,2017-0301-0251,2017-08-16,2018-08-15,,,,"강원도 원주시 신림면 구학리 200-8,201,663-1,217,216-1,215-2",,사과,13388,,2017-08-16,이영희,,,강원도 원주시청,2017-11-03
000104,강원도,원주시,2017-0201-0298,2017-09-29,2018-09-28,,,,"강원도 원주시 신림면 구학리 235-5,661-1,-5",,애호박,6507,,2017-09-29,안상아,,,강원도 원주시청,2017-11-03
000105,강원도,원주시,2017-0203-0316,2017-10-18,2018-10-17,,,,"강원도 원주시 신림면 구학리 258-1,-3,-5",,배추,4220,,2017-10-18,황상연,,,강원도 원주시청,2017-11-03
000106,강원도,원주시,2017-0203-0312,2017-10-18,2018-10-17,,,,"강원도 원주시 신림면 구학리 293,294,287-1,-4",,양배추,7031,,2017-10-18,조정치,,,강원도 원주시청,2017-11-03
000107,강원도,원주시,2017-0202-0313,2017-10-18,2018-10-17,,,,"강원도 원주시 신림면 구학리 293,294,287-1,-4",,무,7031,,2017-10-18,조정치,,,강원도 원주시청,2017-11-03
000108,강원도,원주시,2017-0201-0314,2017-10-18,2018-10-17,,,,"강원도 원주시 신림면 구학리 293,294,287-1,-4",,옥수수,7031,,2017-10-18,조정치,,,강원도 원주시청,2017-11-03
000109,강원도,원주시,2017-0202-0299,2017-09-29,2018-09-28,,,,"강원도 원주시 신림면 구학리 340-1,342",,고구마,5821,,2017-09-29,안상아,,,강원도 원주시청,2017-11-03
000110,강원도,원주시,2017-0202-0317,2017-10-18,2018-10-17,,,,"강원도 원주시 신림면 구학리 687-1,-2,23-1",,무,8974,,2017-10-18,황상연,,,강원도 원주시청,2017-11-03
000111,강원도,원주시,2017-0203-0057,2017-05-24,2018-05-23,,,,"강원도 원주시 신림면 성남리 678,682,683,685-2",,배추,7634,,2017-05-24,"""윤병용,고상숙""",,,강원도 원주시청,2017-11-03
000112,강원도,원주시,2017-0203-0062,2017-05-24,2018-05-23,,,,"강원도 원주시 신림면 송계리 394-1, 395",,배추,2777,,2017-05-24,이상덕,,,강원도 원주시청,2017-11-03
000113,강원도,원주시,2017-0204-0330,2017-11-02,2018-11-01,,,,"강원도 원주시 신림면 용암리 1373-1,-2",,쪽파,2621,,2017-11-02,서진석,,,강원도 원주시청,2017-11-03
000114,강원도,원주시,2017-0202-0318,2017-10-18,2018-10-17,,,,"강원도 원주시 신림면 용암리 1373-4,-5",,고구마,3231,,2017-10-18,황상연,,,강원도 원주시청,2017-11-03
000115,강원도,원주시,2017-0302-0271,2017-09-12,2018-09-11,,,,"강원도 원주시 신림면 용암리 422-1,-2,-7,-8,-14,423,424,427,428-1",,복숭아,14961,,2017-09-12,이명숙,,,강원도 원주시청,2017-11-03
000116,강원도,원주시,2017-0303-0206,2017-07-26,2018-07-25,,,,"강원도 원주시 신림면 황둔리 747,741-1,-3",,옥수수,1567,,2017-07-26,이덕형,,,강원도 원주시청,2017-11-03
000117,강원도,원주시,2017-0203-0038,2017-05-10,2018-05-09,,,,"강원도 원주시 지정면 신평리 170-3,-7",,고사리,4147,,2017-05-10,김태영,,,강원도 원주시청,2017-11-03
000118,강원도,원주시,2017-0202-0293,2017-09-27,2018-09-26,,,,"강원도 원주시 지정면 월송리 243,245,246",,고구마,9715,,2017-09-27,안유현,,,강원도 원주시청,2017-11-03
000119,강원도,원주시,2017-0203-0109,2017-06-19,2018-06-18,,,,"강원도 원주시 지정면 월송리 506-11,-13,518-4,-17,-18",,부추,7912,,2017-06-19,정천시,,,강원도 원주시청,2017-11-03
000120,강원도,원주시,2017-0202-0171,2017-07-11,2018-07-10,,,,"강원도 원주시 지정면 월송리 506-2,-25",,감자,1468,,2017-07-11,이정웅,,,강원도 원주시청,2017-11-03
000121,강원도,원주시,2017-0201-0226,2017-08-08,2018-08-07,,,,"강원도 원주시 지정면 월송리 506-4,-17",,애호박,5937,,2017-08-08,김영숙,,,강원도 원주시청,2017-11-03
000122,강원도,원주시,2017-0201-0227,2017-08-08,2018-08-07,,,,"강원도 원주시 지정면 월송리 506-4,-17",,가지,5937,,2017-08-08,김영숙,,,강원도 원주시청,2017-11-03
000123,강원도,원주시,2017-0202-0228,2017-08-08,2018-08-07,,,,"강원도 원주시 지정면 월송리 506-4,-17",,콜라비,5937,,2017-08-08,김영숙,,,강원도 원주시청,2017-11-03
000124,강원도,원주시,2017-0201-0229,2017-08-08,2018-08-07,,,,"강원도 원주시 지정면 월송리 506-4,-17",,"""고추(홍,풋,청양)""",5937,,2017-08-08,김영숙,,,강원도 원주시청,2017-11-03
000125,강원도,원주시,2017-0201-0230,2017-08-08,2018-08-07,,,,"강원도 원주시 지정면 월송리 506-6,7,15,609-5,-10",,단호박,9822,,2017-08-08,김영숙,,,강원도 원주시청,2017-11-03
000126,강원도,원주시,2017-0102-0004,2017-01-02,2018-01-01,,,,"강원도 원주시 지정면 월송리 506-6,-7,-15,609-5,-10",,콩(백태),9822,,2017-01-02,이정웅,,,강원도 원주시청,2017-11-03
000127,강원도,원주시,2017-0202-0139,2017-07-03,2018-07-02,,,,"강원도 원주시 지정면 월송리 614,615",,감자,3444,,2017-07-03,김영도,,,강원도 원주시청,2017-11-03
000128,강원도,원주시,2017-0303-0120,2017-06-29,2018-06-28,,,,"강원도 원주시 판부면 서곡리 1004-1,-2",,블루베리,2417,,2017-06-29,송창열,,,강원도 원주시청,2017-11-03
000129,강원도,원주시,2017-0302-0234,2017-08-08,2018-08-07,,,,"강원도 원주시 판부면 서곡리 1510,1502-2",,복숭아,4225,,2017-08-08,홍창석,,,강원도 원주시청,2017-11-03
000130,강원도,원주시,2017-0302-0254,2017-08-22,2018-08-21,,,,"강원도 원주시 판부면 서곡리 968,969,산198-10",,복숭아,16459,,2017-08-22,박만태,,,강원도 원주시청,2017-11-03
000131,강원도,원주시,2017-0203-0068,2017-06-01,2018-05-31,,,,"강원도 원주시 행구동167,191-1,-2",,양상추,9656,,2017-06-01,차선옥,,,강원도 원주시청,2017-11-03
000132,강원도,원주시,2017-0205-0074,2017-06-08,2018-06-07,,,,"강원도 원주시 행구동525,-1,-2,-3",,고사리,3570,,2017-06-08,박종연,,,강원도 원주시청,2017-11-03
000133,강원도,원주시,2017-0302-0248,2017-08-16,2018-08-15,,,,"강원도 원주시 행구동596-5,599~601,620,621,626-1,627-1",,복숭아,15377,,2017-08-16,신문선,,,강원도 원주시청,2017-11-03
000134,강원도,원주시,2017-0301-0308,2017-10-18,2018-10-17,,,,"강원도 원주시 호저면 고산리 365-1,-2",,사과,4709,,2017-10-18,원용욱,,,강원도 원주시청,2017-11-03
000135,강원도,원주시,2017-0204-0292,2017-09-27,2018-09-26,,,,"강원도 원주시 호저면 광격리 835-1,-2,838-2",,대파,5486,,2017-09-27,신명분,,,강원도 원주시청,2017-11-03
000136,강원도,원주시,2017-0202-0331,2017-11-02,2018-11-01,,,,"강원도 원주시 호저면 광격리 835-1,-2,838-2",,무,5486,,2017-11-02,신명분,,,강원도 원주시청,2017-11-03
000137,강원도,원주시,2017-0302-0199,2017-07-24,2018-07-23,,,,"강원도 원주시 호저면 대덕리 734,1022-9",,옥수수,4849,,2017-07-24,최형석,,,강원도 원주시청,2017-11-03
000138,강원도,원주시,2017-0201-0268,2017-09-01,2018-08-31,,,,"강원도 원주시 호저면 대덕리 734,934-1",,홍고추,3856,,2017-09-01,최형석,,,강원도 원주시청,2017-11-03
000139,강원도,원주시,2017-0202-0087,2017-06-14,2018-06-13,,,,"강원도 원주시 호저면 매호리 12,-1,15,16-1",,감자,3310,,2017-06-14,이상기,,,강원도 원주시청,2017-11-03
000140,강원도,원주시,2017-0302-0169,2017-07-11,2018-07-10,,,,"강원도 원주시 호저면 무장리 112,191~2,190-3",,복숭아,4482,,2017-07-11,이상인,,,강원도 원주시청,2017-11-03
000141,강원도,원주시,2017-0303-0225,2017-08-08,2018-08-07,,,,"강원도 원주시 호저면 무장리 297,311",,아로니아,2763,,2017-08-08,이영상,,,강원도 원주시청,2017-11-03
000142,강원도,원주시,2017-0202-0131,2017-06-29,2018-06-28,,,,"강원도 원주시 호저면 산현리 108-3,576-9",,감자,2640,,2017-06-29,원호성,,,강원도 원주시청,2017-11-03
000143,강원도,원주시,2017-0202-0126,2017-06-29,2018-06-28,,,,"강원도 원주시 호저면 산현리 178-1,177",,감자,1021,,2017-06-29,원순규,,,강원도 원주시청,2017-11-03
000144,강원도,원주시,2017-0202-0114,2017-06-29,2018-06-28,,,,"강원도 원주시 호저면 산현리 28-2,72,66-4",,감자,2155,,2017-06-29,김기석,,,강원도 원주시청,2017-11-03
000145,강원도,원주시,2017-0202-0136,2017-06-29,2018-06-28,,,,"강원도 원주시 호저면 산현리 360-3,361",,감자,1197,,2017-06-29,조영례,,,강원도 원주시청,2017-11-03
000146,강원도,원주시,2017-0204-0173,2017-07-11,2018-07-10,,,,"강원도 원주시 호저면 산현리 360-3,361",,양파,1197,,2017-07-11,조영례,,,강원도 원주시청,2017-11-03
000147,강원도,원주시,2017-0304-0311,2017-10-18,2018-10-17,,,,"강원도 원주시 호저면 산현리 360-3,361",,땅콩,1197,,2017-10-18,조영례,,,강원도 원주시청,2017-11-03
000148,강원도,원주시,2017-0302-0200,2017-07-24,2018-07-23,,,,"강원도 원주시 호저면 주산리 117-3,-5,132,1408",,복숭아,12714,,2017-07-24,한해용,,,강원도 원주시청,2017-11-03
000149,강원도,원주시,2017-0202-0069,2017-06-05,2018-06-04,,,,"강원도 원주시 호저면 주산리 1417, 1425",,감자,4324,,2017-06-05,김진영,,,강원도 원주시청,2017-11-03
000150,강원도,원주시,2017-0203-0306,2017-10-18,2018-10-17,,,,"강원도 원주시 호저면 주산리 21,20-1",,양배추,3878,,2017-10-18,송영규,,,강원도 원주시청,2017-11-03
000151,강원도,원주시,2017-0202-0148,2017-07-03,2018-07-02,,,,"강원도 원주시 호저면 주산리 48-1,66,67",,감자,3180,,2017-07-03,송영규,,,강원도 원주시청,2017-11-03
000152,강원도,원주시,2017-0302-0165,2017-07-11,2018-07-10,,,,"강원도 원주시 호저면 주산리 48-2,92-3,99,116-1,117,-12,118-3",,복숭아,13195,,2017-07-11,송현규,,,강원도 원주시청,2017-11-03
000153,강원도,원주시,2017-0203-0147,2017-07-03,2018-07-02,,,,"강원도 원주시 호저면 주산리 63,63-60~61",,양배추,2720,,2017-07-03,송영규,,,강원도 원주시청,2017-11-03
000154,강원도,원주시,2017-0203-0094,2017-06-19,2018-06-18,,,,"강원도 원주시 흥업면 대안리 1019-2,-7",,시금치,681,,2017-06-19,김종철,,,강원도 원주시청,2017-11-03
000155,강원도,원주시,2017-0303-0176,2017-07-17,2018-07-16,,,,"강원도 원주시 흥업면 대안리 1385,1386",,블루베리,10552,,2017-07-17,안효진,,,강원도 원주시청,2017-11-03
000156,강원도,원주시,2017-0301-0264,2017-08-31,2018-08-30,,,,"강원도 원주시 흥업면 대안리 1385,1386",,사과,10552,,2017-08-31,안효진,,,강원도 원주시청,2017-11-03
000157,강원도,원주시,2017-0204-0265,2017-08-31,2018-08-30,,,,"강원도 원주시 흥업면 대안리 852-4,-5",,대파,2755,,2017-08-31,한남섭,,,강원도 원주시청,2017-11-03
000158,강원도,원주시,2017-0204-0307,2017-10-18,2018-10-17,,,,"강원도 원주시 흥업면 매지리 296,296-2",,대파,588,,2017-10-18,신창선,,,강원도 원주시청,2017-11-03
000159,강원도,원주시,2017-0301-0278,2017-09-15,2018-09-14,,,,"강원도 원주시 흥업면 매지리 51-2,-6,-8",,배,9458,,2017-09-15,이진형,,,강원도 원주시청,2017-11-03
000160,강원도,원주시,2017-0301-0309,2017-10-18,2018-10-17,,,,"강원도 원주시 흥업면 매지리 958-4,556-1",,사과,3306,,2017-10-18,유병석,,,강원도 원주시청,2017-11-03
000161,강원도,원주시,2017-0303-0011,2017-03-29,2018-03-28,,,,"강원도 원주시 흥업면 사제리 1412,-1,-2,-3",,딸기,6036,,2017-03-29,김기성,,,강원도 원주시청,2017-11-03
000162,강원도,원주시,2017-0201-0249,2017-08-16,2018-08-15,,,,"강원도 원주시 흥업면 사제리 1470-7,-9,-10",,참외,2990,,2017-08-16,원정호,,,강원도 원주시청,2017-11-03
000163,강원도,원주시,2017-0303-0276,2017-09-15,2018-09-14,,,,"강원도 원주시 흥업면 흥업리 1559-3,-4",,포도,6033,,2017-09-15,김유섭,,,강원도 원주시청,2017-11-03
000164,강원도,원주시,2017-0303-0240,2017-08-16,2018-08-15,,,,"강원도 원주시 흥업면 흥업리 1567-23,-24",,포도,2933,,2017-08-16,간의웅,,,강원도 원주시청,2017-11-03
000165,강원도,원주시,2017-0201-0103,2017-06-19,2018-06-18,,,,"강원도 원주시 흥업면 흥업리 1572-2,-19",,토마토,2974,,2017-06-19,안영환,,,강원도 원주시청,2017-11-03
000166,강원도,원주시,2017-0204-0014,2017-04-17,2018-04-16,,,,강원도 원주시 관설동328-2,,대파,929,,2017-04-17,김종화,,,강원도 원주시청,2017-11-03
000167,강원도,원주시,2017-0202-0181,2017-07-17,2018-07-16,,,,강원도 원주시 관설동347-1,,당근,2163,,2017-07-17,이상섭,,,강원도 원주시청,2017-11-03
000168,강원도,원주시,2017-0202-0088,2017-06-14,2018-06-13,,,,강원도 원주시 관설동351-2,,감자,1583,,2017-06-14,이상섭,,,강원도 원주시청,2017-11-03
000169,강원도,원주시,2017-0204-0064,2017-06-01,2018-05-31,,,,강원도 원주시 관설동429-17,,대파,988,,2017-06-01,배범수,,,강원도 원주시청,2017-11-03
000170,강원도,원주시,2017-0202-0075,2017-06-08,2018-06-07,,,,강원도 원주시 관설동429-17,,감자,988,,2017-06-08,배범수,,,강원도 원주시청,2017-11-03
000171,강원도,원주시,2017-0202-0084,2017-06-14,2018-06-13,,,,강원도 원주시 관설동435-18,,감자,1467,,2017-06-14,김종화,,,강원도 원주시청,2017-11-03
000172,강원도,원주시,2017-0202-0277,2017-09-15,2018-09-14,,,,강원도 원주시 귀래면 운계리 1060,,고구마,791,,2017-09-15,이옥정,,,강원도 원주시청,2017-11-03
000173,강원도,원주시,2017-0201-0243,2017-08-16,2018-08-15,,,,강원도 원주시 귀래면 운계리 713-1,,홍고추,1604,,2017-08-16,이옥정,,,강원도 원주시청,2017-11-03
000174,강원도,원주시,2017-0205-0077,2017-06-08,2018-06-07,,,,강원도 원주시 귀래면 운계리 714-1,,곤드레,3870,,2017-06-08,이옥정,,,강원도 원주시청,2017-11-03
000175,강원도,원주시,2017-0202-0154,2017-07-03,2018-07-02,,,,강원도 원주시 귀래면 주포리 129-17,,감자,970,,2017-07-03,이옥정,,,강원도 원주시청,2017-11-03
000176,강원도,원주시,2017-0303-0252,2017-08-16,2018-08-15,,,,강원도 원주시 단구동829-3,,포도,2314,,2017-08-16,허만봉(박종숙),,,강원도 원주시청,2017-11-03
000177,강원도,원주시,2017-0102-0009,2017-01-24,2018-01-23,,,,강원도 원주시 문막읍 건등리 401-1,,들깨,6538,,2017-01-24,김광택,,,강원도 원주시청,2017-11-03
000178,강원도,원주시,2017-0102-0008,2017-01-09,2018-01-08,,,,강원도 원주시 문막읍 건등리 산55-1,,콩(백태),2970,,2017-01-09,이관철,,,강원도 원주시청,2017-11-03
000179,강원도,원주시,2017-0204-0049,2017-05-17,2018-05-16,,,,강원도 원주시 문막읍 동화리 1041,,대파,2112,,2017-05-17,천윤득,,,강원도 원주시청,2017-11-03
000180,강원도,원주시,2017-0301-0319,2017-10-25,2018-10-24,,,,강원도 원주시 문막읍 동화리 233,,사과,1468,,2017-10-25,김기준,,,강원도 원주시청,2017-11-03
000181,강원도,원주시,2017-0301-0319,2017-10-25,2018-10-24,,,,강원도 원주시 문막읍 문막리 1085,,사과,3251,,2017-10-25,김기준,,,강원도 원주시청,2017-11-03
000001,강원도,원주시,2017-0202-0092,2017-06-14,2018-06-13,,,,"강원도 원주시 관설동323-8,-9,435-16,-17",,감자,5722,,2017-06-14,한남섭,,,강원도 원주시청,2017-11-03
000002,강원도,원주시,2017-0204-0180,2017-07-17,2018-07-16,,,,"강원도 원주시 관설동343-1,344,349-1,-2,351-2,362-6,363-2,-3,-6",,대파,9186,,2017-07-17,이상섭,,,강원도 원주시청,2017-11-03
000003,강원도,원주시,2017-0203-0023,2017-04-17,2018-04-16,,,,"강원도 원주시 관설동348-1,374-4",,시금치,4338,,2017-04-17,한남섭,,,강원도 원주시청,2017-11-03
000004,강원도,원주시,2017-0204-0021,2017-04-17,2018-04-16,,,,"강원도 원주시 관설동370-1,-5",,대파,2929,,2017-04-17,윤산용,,,강원도 원주시청,2017-11-03
000005,강원도,원주시,2017-0204-0024,2017-04-17,2018-04-16,,,,"강원도 원주시 관설동435-16,-17",,대파,3682,,2017-04-17,한남섭,,,강원도 원주시청,2017-11-03
000006,강원도,원주시,2017-0202-0102,2017-06-19,2018-06-18,,,,"강원도 원주시 관설동605-2,607-1",,감자,3300,,2017-06-19,백상원,,,강원도 원주시청,2017-11-03
000007,강원도,원주시,2017-0302-0238,2017-08-10,2018-08-09,,,,"강원도 원주시 귀래면 귀래리 1009,1076,1078",,복숭아,2687,,2017-08-10,허광영,,,강원도 원주시청,2017-11-03
000008,강원도,원주시,2017-0206-0010,2017-02-22,2018-02-21,,,,"강원도 원주시 귀래면 귀래리 142,143-7,144",,느타리버섯,3834,,2017-02-22,김홍기,,,강원도 원주시청,2017-11-03
000009,강원도,원주시,2017-0302-0208,2017-08-08,2018-08-07,,,,"강원도 원주시 귀래면 운계리 1036-1,-5",,복숭아,5326,,2017-08-08,손명규,,,강원도 원주시청,2017-11-03
000010,강원도,원주시,2017-0202-0076,2017-06-08,2018-06-07,,,,"강원도 원주시 귀래면 운계리 1036-1,-5",,감자,5326,,2017-06-08,손명규,,,강원도 원주시청,2017-11-03
000011,강원도,원주시,2017-0301-0328,2017-11-02,2018-11-01,,,,"강원도 원주시 귀래면 운계리 1284-2,-3",,다래,4559,,2017-11-02,김운용,,,강원도 원주시청,2017-11-03
000012,강원도,원주시,2017-0101-0239,2017-08-10,2018-08-09,,,,"강원도 원주시 귀래면 운계리 720,778,1021,1024-1,-2,1282-1,-2,1390-3",,밀,20875,,2017-08-10,손기창,,,강원도 원주시청,2017-11-03
000013,강원도,원주시,2017-0302-0238,2017-08-10,2018-08-09,,,,"강원도 원주시 귀래면 운계리 953,953-1,1035-9",,복숭아,7114,,2017-08-10,허광영,,,강원도 원주시청,2017-11-03
000014,강원도,원주시,2017-0203-0050,2017-05-23,2018-05-22,,,,"강원도 원주시 귀래면 운남리 1397-1,-2",,시금치,4468,,2017-05-23,홍진호,,,강원도 원주시청,2017-11-03
000015,강원도,원주시,2017-0301-0282,2017-09-21,2018-09-20,,,,"강원도 원주시 귀래면 운남리 154-3,-5,155",,사과,9900,,2017-09-21,박광춘,,,강원도 원주시청,2017-11-03
000016,강원도,원주시,2017-0302-0273,2017-09-12,2018-09-11,,,,"강원도 원주시 귀래면 운남리 204,234-1,-2,244",,복숭아,11591,,2017-09-12,전병한,,,강원도 원주시청,2017-11-03
000017,강원도,원주시,2017-0302-0269,2017-09-12,2018-09-11,,,,"강원도 원주시 귀래면 주포리 277-1,312-4,422",,복숭아,6310,,2017-09-12,안근복,,,강원도 원주시청,2017-11-03
000018,강원도,원주시,2017-0201-0080,2017-06-13,2018-06-12,,,,"강원도 원주시 무실동1554-1,-3,-15",,오이,2327,,2017-06-13,이귀연,,,강원도 원주시청,2017-11-03
000019,강원도,원주시,2017-0201-0081,2017-06-13,2018-06-12,,,,"강원도 원주시 무실동1554-1,-3,-15",,토마토,2327,,2017-06-13,이귀연,,,강원도 원주시청,2017-11-03
000020,강원도,원주시,2017-0204-0303,2017-10-11,2018-10-10,,,,"강원도 원주시 무실동837-8,-19",,쪽파,2002,,2017-10-11,윤태영,,,강원도 원주시청,2017-11-03
000021,강원도,원주시,2017-0203-0323,2017-10-25,2018-10-24,,,,"강원도 원주시 무실동837-8,-19",,배추,2002,,2017-10-25,윤태영,,,강원도 원주시청,2017-11-03
000022,강원도,원주시,2017-0202-0196,2017-07-24,2018-07-23,,,,"강원도 원주시 문막읍 건등리 168,180",,감자,4536,,2017-07-24,이동보,,,강원도 원주시청,2017-11-03
000023,강원도,원주시,2017-0101-0138,2017-07-03,2018-07-02,,,,"강원도 원주시 문막읍 건등리 401-1,1051-2,958-1",,밀,10739,,2017-07-03,김광택,,,강원도 원주시청,2017-11-03
000024,강원도,원주시,2017-0101-0151,2017-07-03,2018-07-02,,,,"강원도 원주시 문막읍 건등리 442,587,588,779,산55-1",,밀,9302,,2017-07-03,이관철,,,강원도 원주시청,2017-11-03
000025,강원도,원주시,2017-0101-0158,2017-07-03,2018-07-02,,,,"강원도 원주시 문막읍 궁촌리 1390-3,1568-1,704-1",,밀,7250,,2017-07-03,최은희,,,강원도 원주시청,2017-11-03
000026,강원도,원주시,2017-0301-0279,2017-09-15,2018-09-14,,,,"강원도 원주시 문막읍 궁촌리 1444,-1,1445-4,-7,-20,1458-1",,배,6177,,2017-09-15,최형석,,,강원도 원주시청,2017-11-03
000027,강원도,원주시,2017-0201-0233,2017-08-08,2018-08-07,,,,"강원도 원주시 문막읍 궁촌리 1445-1,-5,-12,1458-1",,옥수수,8526,,2017-08-08,최형석,,,강원도 원주시청,2017-11-03
000028,강원도,원주시,2017-0102-0007,2017-01-09,2018-01-08,,,,"강원도 원주시 문막읍 궁촌리 630~632,628-2",,콩(백태),7186,,2017-01-09,권태범,,,강원도 원주시청,2017-11-03
000029,강원도,원주시,2017-0101-0275,2017-09-15,2018-09-14,,,,"강원도 원주시 문막읍 궁촌리 997~999,630~632,628-2",,밀,11207,,2017-09-15,권태범,,,강원도 원주시청,2017-11-03
000030,강원도,원주시,2017-0206-0052,2017-05-24,2018-05-23,,,,"강원도 원주시 문막읍 대둔리 188,189",,화고버섯,6962,,2017-05-24,구용주㈜강원그린채,,,강원도 원주시청,2017-11-03
000031,강원도,원주시,2017-0206-0055,2017-05-24,2018-05-23,,,,"강원도 원주시 문막읍 대둔리 188,189",,표고버섯,6962,,2017-05-24,나옥봉㈜미래팜스,,,강원도 원주시청,2017-11-03
000032,강원도,원주시,2017-0206-0056,2017-05-24,2018-05-23,,,,"강원도 원주시 문막읍 대둔리 188,189",,화고버섯,6962,,2017-05-24,나옥봉㈜미래팜스,,,강원도 원주시청,2017-11-03
000033,강원도,원주시,2017-0206-0051,2017-05-24,2018-05-23,,,,"강원도 원주시 문막읍 대둔리 188,189",,표고버섯,6962,,2017-05-24,구용주㈜강원그린채,,,강원도 원주시청,2017-11-03
000034,강원도,원주시,2017-0204-0046,2017-05-17,2018-05-16,,,,"강원도 원주시 문막읍 동화리 1545-4,-5",,대파,487,,2017-05-17,이광복,,,강원도 원주시청,2017-11-03
000035,강원도,원주시,2017-0202-0153,2017-07-03,2018-07-02,,,,"강원도 원주시 문막읍 동화리 612,615~617,619-1,621-1~3,622.625",,고구마,17554,,2017-07-03,이동보,,,강원도 원주시청,2017-11-03
000036,강원도,원주시,2017-0204-0182,2017-07-17,2018-07-16,,,,"강원도 원주시 문막읍 동화리 680-1,681",,마늘,6356,,2017-07-17,장삼봉,,,강원도 원주시청,2017-11-03
000037,강원도,원주시,2017-0102-0006,2017-01-02,2018-01-01,,,,"강원도 원주시 문막읍 동화리 680-1,681",,콩(백태),6356,,2017-01-02,장삼봉,,,강원도 원주시청,2017-11-03
000038,강원도,원주시,2017-0301-0280,2017-09-21,2018-09-20,,,,"강원도 원주시 문막읍 비두리 12,21,산165-1",,미니사과,2376,,2017-09-21,김진수,,,강원도 원주시청,2017-11-03
000039,강원도,원주시,2017-0303-0191,2017-07-24,2018-07-23,,,,"강원도 원주시 문막읍 비두리 1203-2,1204,1207~8,1210~11",,아로니아,15681,,2017-07-24,간명식,,,강원도 원주시청,2017-11-03
000040,강원도,원주시,2017-0303-0192,2017-07-24,2018-07-23,,,,"강원도 원주시 문막읍 비두리 1247,1248-2,1249~50",,아로니아,2800,,2017-07-24,간은식,,,강원도 원주시청,2017-11-03
000041,강원도,원주시,2017-0101-0275,2017-09-15,2018-09-14,,,,"강원도 원주시 문막읍 비두리 1934-1,1935,1941",,밀,4688,,2017-09-15,권태범,,,강원도 원주시청,2017-11-03
000042,강원도,원주시,2017-0102-0007,2017-01-09,2018-01-08,,,,"강원도 원주시 문막읍 비두리 1934-1,1935,1941",,콩(백태),4688,,2017-01-09,권태범,,,강원도 원주시청,2017-11-03
000043,강원도,원주시,2017-0201-0115,2017-06-29,2018-06-28,,,,"강원도 원주시 문막읍 후용리 1515, 1572",,수박,6123,,2017-06-29,김송섭,,,강원도 원주시청,2017-11-03
000044,강원도,원주시,2017-0301-0334,2017-11-02,2018-11-01,,,,"강원도 원주시 문막읍 후용리 35-5,36-2,-4,46-1",,배,9776,,2017-11-02,황우순,,,강원도 원주시청,2017-11-03
000045,강원도,원주시,2017-0201-0205,2017-07-26,2018-07-25,,,,"강원도 원주시 반곡동177-7,198",,블루베리,2700,,2017-07-26,김승구,,,강원도 원주시청,2017-11-03
000046,강원도,원주시,2017-0202-0274,2017-09-12,2018-09-11,,,,"강원도 원주시 봉산동769,768-2",,고구마,3914,,2017-09-12,조정치,,,강원도 원주시청,2017-11-03
000047,강원도,원주시,2017-0201-0160,2017-07-05,2018-07-04,,,,"강원도 원주시 부론면 노림리 1279,-1,1312",,수박,7147,,2017-07-05,임병두,,,강원도 원주시청,2017-11-03
000048,강원도,원주시,2017-0201-0255,2017-08-22,2018-08-21,,,,"강원도 원주시 부론면 노림리 1279,-1,1312",,애호박,7147,,2017-08-22,임병두,,,강원도 원주시청,2017-11-03
000049,강원도,원주시,2017-0201-0247,2017-08-16,2018-08-15,,,,"강원도 원주시 부론면 노림리 502,508-7,-8,526-4",,애호박,7817,,2017-08-16,황종수,,,강원도 원주시청,2017-11-03
000050,강원도,원주시,2017-0201-0054,2017-05-24,2018-05-23,,,,"강원도 원주시 부론면 노림리 530-1,-2",,애호박,1560,,2017-05-24,김원섭,,,강원도 원주시청,2017-11-03
000051,강원도,원주시,2017-0301-0332,2017-11-02,2018-11-01,,,,"강원도 원주시 부론면 법천리 1520-5,-6,-7,1527-11",,사과,9112,,2017-11-02,우정수,,,강원도 원주시청,2017-11-03
000052,강원도,원주시,2017-0301-0244,2017-08-16,2018-08-15,,,,"강원도 원주시 부론면 법천리 514-4,''1002-3,-5,1032-1,1313-2",,사과,3572,,2017-08-16,지정구,,,강원도 원주시청,2017-11-03
000053,강원도,원주시,2017-0102-0005,2017-01-02,2018-01-01,,,,"강원도 원주시 부론면 손곡리 576,651,669,-4,-5,672,673-2,797-1",,콩(백태),10539,,2017-01-02,이준태,,,강원도 원주시청,2017-11-03
000054,강원도,원주시,2017-0201-0133,2017-06-29,2018-06-28,,,,"강원도 원주시 부론면 손곡리 987,988",,애호박,7033,,2017-06-29,이광원,,,강원도 원주시청,2017-11-03
000055,강원도,원주시,2017-0201-0134,2017-06-29,2018-06-28,,,,"강원도 원주시 부론면 손곡리 987,988",,꽈리고추,7033,,2017-06-29,이광원,,,강원도 원주시청,2017-11-03
000056,강원도,원주시,2017-0203-0135,2017-06-29,2018-06-28,,,,"강원도 원주시 부론면 손곡리 987,988",,배추,7033,,2017-06-29,이광원,,,강원도 원주시청,2017-11-03
000057,강원도,원주시,2017-0205-0178,2017-07-17,2018-07-16,,,,"강원도 원주시 부론면 손곡리 987,988",,깻잎,7033,,2017-07-17,이광원,,,강원도 원주시청,2017-11-03
000058,강원도,원주시,2017-0201-0179,2017-07-17,2018-07-16,,,,"강원도 원주시 부론면 손곡리 987,988",,청량고추,7033,,2017-07-17,이광원,,,강원도 원주시청,2017-11-03
000059,강원도,원주시,2017-0203-0324,2017-10-25,2018-10-24,,,,"강원도 원주시 부론면 손곡리 987,988",,청갓,7033,,2017-10-25,이광원,,,강원도 원주시청,2017-11-03
000060,강원도,원주시,2017-0202-0325,2017-10-25,2018-10-24,,,,"강원도 원주시 부론면 손곡리 987,988",,알타리무,7033,,2017-10-25,이광원,,,강원도 원주시청,2017-11-03
000061,강원도,원주시,2017-0203-0104,2017-06-19,2018-06-18,,,,"강원도 원주시 부론면 손곡리 987,988",,쌈채,7033,,2017-06-19,이광원,,,강원도 원주시청,2017-11-03
000062,강원도,원주시,2017-0202-0105,2017-06-19,2018-06-18,,,,"강원도 원주시 부론면 손곡리 987,988",,무,7033,,2017-06-19,이광원,,,강원도 원주시청,2017-11-03
000063,강원도,원주시,2017-0202-0106,2017-06-19,2018-06-18,,,,"강원도 원주시 부론면 손곡리 987,988",,강화순무,7033,,2017-06-19,이광원,,,강원도 원주시청,2017-11-03
000064,강원도,원주시,2017-0202-0132,2017-06-29,2018-06-28,,,,"강원도 원주시 부론면 손곡리 987,988",,감자,7033,,2017-06-29,이광원,,,강원도 원주시청,2017-11-03
000065,강원도,원주시,2017-0202-0188,2017-07-17,2018-07-16,,,,"강원도 원주시 부론면 정산리 1015,1028-2,2333-3,-4",,알타리무,4369,,2017-07-17,한기옥,,,강원도 원주시청,2017-11-03
000066,강원도,원주시,2017-0202-0187,2017-07-17,2018-07-16,,,,"강원도 원주시 부론면 정산리 1159,1208-1,산42",,감자,4513,,2017-07-17,한기옥,,,강원도 원주시청,2017-11-03
000067,강원도,원주시,2017-0102-0296,2017-09-27,2018-09-26,,,,"강원도 원주시 소초면 교항리 407,411-2,419",,참깨,7177,,2017-09-27,채수홍,,,강원도 원주시청,2017-11-03
000068,강원도,원주시,2017-0204-0079,2017-06-08,2018-06-07,,,,"강원도 원주시 소초면 교항리 862,863,870-3,-4,875",,대파,7222,,2017-06-08,추정호,,,강원도 원주시청,2017-11-03
000069,강원도,원주시,2017-0301-0285,2017-09-21,2018-09-20,,,,"강원도 원주시 소초면 수암리 1031-2,1036,1037",,배,6561,,2017-09-21,심우섭,,,강원도 원주시청,2017-11-03
000070,강원도,원주시,2017-0301-0284,2017-09-21,2018-09-20,,,,"강원도 원주시 소초면 수암리 1107,1115-3",,배,8081,,2017-09-21,신정현,,,강원도 원주시청,2017-11-03
000071,강원도,원주시,2017-0201-0222,2017-08-08,2018-08-07,,,,"강원도 원주시 소초면 수암리 1471,1564",,고추(홍고추),5934,,2017-08-08,오석근,,,강원도 원주시청,2017-11-03
000072,강원도,원주시,2017-0203-0036,2017-05-04,2018-05-03,,,,"강원도 원주시 소초면 수암리 1471,1564",,열무,5934,,2017-05-04,오석근,,,강원도 원주시청,2017-11-03
000258,강원도,원주시,2017-0204-0030,2017-04-24,2018-04-23,,,,강원도 원주시 신림면 용암리 1373-11,,대파,2404,,2017-04-24,황상연,,,강원도 원주시청,2017-11-03
000259,강원도,원주시,2017-0202-0089,2017-06-14,2018-06-13,,,,강원도 원주시 지정면 가곡리 155,,양파,3490,,2017-06-14,주창균,,,강원도 원주시청,2017-11-03
000260,강원도,원주시,2017-0202-0090,2017-06-14,2018-06-13,,,,강원도 원주시 지정면 가곡리 159,,감자,2284,,2017-06-14,주창균,,,강원도 원주시청,2017-11-03
000261,강원도,원주시,2017-0202-0297,2017-09-29,2018-09-28,,,,강원도 원주시 지정면 간현리 1113,,고구마,6637,,2017-09-29,김윤중,,,강원도 원주시청,2017-11-03
000262,강원도,원주시,2017-0201-0201,2017-07-26,2018-07-25,,,,강원도 원주시 지정면 보통리 596,,오이,1494,,2017-07-26,이덕복,,,강원도 원주시청,2017-11-03
000263,강원도,원주시,2017-0201-0202,2017-07-26,2018-07-25,,,,강원도 원주시 지정면 보통리 596,,방울토마토(대추),1494,,2017-07-26,이덕복,,,강원도 원주시청,2017-11-03
000264,강원도,원주시,2017-0201-0203,2017-07-26,2018-07-25,,,,강원도 원주시 지정면 보통리 596,,참외,1494,,2017-07-26,이덕복,,,강원도 원주시청,2017-11-03
000265,강원도,원주시,2017-0203-0022,2017-04-17,2018-04-16,,,,강원도 원주시 지정면 신평리 466,,시금치,3973,,2017-04-17,이종갑,,,강원도 원주시청,2017-11-03
000266,강원도,원주시,2017-0203-0028,2017-04-24,2018-04-23,,,,강원도 원주시 지정면 신평리 466,,얼갈이배추,3973,,2017-04-24,이종갑,,,강원도 원주시청,2017-11-03
000267,강원도,원주시,2017-0304-0266,2017-08-31,2018-08-30,,,,강원도 원주시 지정면 신평리 70,,땅콩,3004,,2017-08-31,함금진,,,강원도 원주시청,2017-11-03
000268,강원도,원주시,2017-0203-0108,2017-06-19,2018-06-18,,,,강원도 원주시 지정면 월송리 506-10,,상추,2620,,2017-06-19,정천시,,,강원도 원주시청,2017-11-03
000269,강원도,원주시,2017-0203-0093,2017-06-19,2018-06-18,,,,강원도 원주시 판부면 금대리 140-4,,쌈채,2586,,2017-06-19,김정자,,,강원도 원주시청,2017-11-03
000270,강원도,원주시,2017-0203-0116,2017-06-29,2018-06-28,,,,강원도 원주시 판부면 금대리 140-4,,머위,2586,,2017-06-29,김정자,,,강원도 원주시청,2017-11-03
000271,강원도,원주시,2017-0203-0072,2017-06-08,2018-06-07,,,,강원도 원주시 판부면 금대리 141-4,,겨자채,2562,,2017-06-08,김정자,,,강원도 원주시청,2017-11-03
000272,강원도,원주시,2017-0202-0195,2017-07-24,2018-07-23,,,,강원도 원주시 판부면 서곡리 1134,,감자,2268,,2017-07-24,이귀연,,,강원도 원주시청,2017-11-03
000273,강원도,원주시,2017-0202-0289,2017-09-25,2018-09-24,,,,강원도 원주시 판부면 서곡리 1149-1,,고구마,863,,2017-09-25,윤태영,,,강원도 원주시청,2017-11-03
000274,강원도,원주시,2017-0202-0322,2017-10-25,2018-10-24,,,,강원도 원주시 판부면 서곡리 1149-1,,알타리무,863,,2017-10-25,윤태영,,,강원도 원주시청,2017-11-03
000275,강원도,원주시,2017-0301-0270,2017-09-12,2018-09-11,,,,강원도 원주시 판부면 서곡리 1420-1,,사과,9125,,2017-09-12,윤영순,,,강원도 원주시청,2017-11-03
000276,강원도,원주시,2017-0201-0110,2017-06-20,2018-06-19,,,,강원도 원주시 판부면 서곡리 1907,,오이,2956,,2017-06-20,윤태영,,,강원도 원주시청,2017-11-03
000277,강원도,원주시,2017-0302-0194,2017-07-24,2018-07-23,,,,강원도 원주시 판부면 서곡리 1940~2,,복숭아,3917,,2017-07-24,박동호,,,강원도 원주시청,2017-11-03
000278,강원도,원주시,2017-0203-0294,2017-09-27,2018-09-26,,,,강원도 원주시 판부면 서곡리 362-1,,곤드레,621,,2017-09-27,조영희,,,강원도 원주시청,2017-11-03
000279,강원도,원주시,2017-0203-0295,2017-09-27,2018-09-26,,,,강원도 원주시 판부면 서곡리 362-1,,취나물,621,,2017-09-27,조영희,,,강원도 원주시청,2017-11-03
000280,강원도,원주시,2017-0201-0183,2017-07-17,2018-07-16,,,,강원도 원주시 판부면 서곡리 367-5,,"""고추(풋, 청양)""",4685,,2017-07-17,조숙희(성락신),,,강원도 원주시청,2017-11-03
000281,강원도,원주시,2017-0201-0184,2017-07-17,2018-07-16,,,,강원도 원주시 판부면 서곡리 367-5,,가지,4685,,2017-07-17,조숙희(성락신),,,강원도 원주시청,2017-11-03
000282,강원도,원주시,2017-0202-0185,2017-07-17,2018-07-16,,,,강원도 원주시 판부면 서곡리 367-5,,감자,4685,,2017-07-17,조숙희(성락신),,,강원도 원주시청,2017-11-03
000283,강원도,원주시,2017-0302-0256,2017-08-22,2018-08-21,,,,강원도 원주시 판부면 서곡리 974,,복숭아,2473,,2017-08-22,조원진,,,강원도 원주시청,2017-11-03
000284,강원도,원주시,2017-0204-0048,2017-05-17,2018-05-16,,,,강원도 원주시 판부면 서곡리 982-85~89,,대파,6776,,2017-05-17,이성기,,,강원도 원주시청,2017-11-03
000285,강원도,원주시,2017-0201-0257,2017-08-22,2018-08-21,,,,강원도 원주시 판부면 서곡리 995-1,,고추,1708,,2017-08-22,최준식,,,강원도 원주시청,2017-11-03
000286,강원도,원주시,2017-0202-0258,2017-08-22,2018-08-21,,,,강원도 원주시 판부면 서곡리 996,,고구마,1033,,2017-08-22,최준식,,,강원도 원주시청,2017-11-03
000287,강원도,원주시,2017-0203-0043,2017-05-17,2018-05-16,,,,강원도 원주시 행구동1842-1,,부추,6600,,2017-05-17,김은옥,,,강원도 원주시청,2017-11-03
000288,강원도,원주시,2017-0301-0302,2017-09-29,2018-09-28,,,,강원도 원주시 호저면 고산리 145,,다래,952,,2017-09-29,지영환,,,강원도 원주시청,2017-11-03
000289,강원도,원주시,2017-0203-0305,2017-10-18,2018-10-17,,,,강원도 원주시 호저면 광격리 1035-6,,시금치,3125,,2017-10-18,박경숙,,,강원도 원주시청,2017-11-03
000290,강원도,원주시,2017-0206-0059,2017-05-24,2018-05-23,,,,강원도 원주시 호저면 광격리 173,,느타리버섯,4365,,2017-05-24,조병현,,,강원도 원주시청,2017-11-03
000291,강원도,원주시,2017-0204-0157,2017-07-03,2018-07-02,,,,강원도 원주시 호저면 광격리 174175,,양파,4334,,2017-07-03,조병현,,,강원도 원주시청,2017-11-03
000292,강원도,원주시,2017-0204-0207,2017-08-08,2018-08-07,,,,강원도 원주시 호저면 광격리 285-1,,양파,5521,,2017-08-08,김만수,,,강원도 원주시청,2017-11-03
000293,강원도,원주시,2017-0202-0137,2017-06-29,2018-06-28,,,,강원도 원주시 호저면 대덕리 1022-9,,감자,2919,,2017-06-29,최형석,,,강원도 원주시청,2017-11-03
000294,강원도,원주시,2017-0203-0315,2017-10-18,2018-10-17,,,,강원도 원주시 호저면 대덕리 1022-9,,배추,2919,,2017-10-18,최형석,,,강원도 원주시청,2017-11-03
000295,강원도,원주시,2017-0202-0061,2017-05-24,2018-05-23,,,,강원도 원주시 호저면 대덕리 734,,감자,1930,,2017-05-24,최형석,,,강원도 원주시청,2017-11-03
000296,강원도,원주시,2017-0201-0142,2017-07-03,2018-07-02,,,,강원도 원주시 호저면 만종리 838-1,,고추,5593,,2017-07-03,노승민,,,강원도 원주시청,2017-11-03
000297,강원도,원주시,2017-0204-0143,2017-07-03,2018-07-02,,,,강원도 원주시 호저면 만종리 838-1,,대파,5593,,2017-07-03,노승민,,,강원도 원주시청,2017-11-03
000298,강원도,원주시,2017-0202-0144,2017-07-03,2018-07-02,,,,강원도 원주시 호저면 만종리 838-1,,비트,5593,,2017-07-03,노승민,,,강원도 원주시청,2017-11-03
000299,강원도,원주시,2017-0205-0145,2017-07-03,2018-07-02,,,,강원도 원주시 호저면 만종리 838-1,,호박잎,5593,,2017-07-03,노승민,,,강원도 원주시청,2017-11-03
000300,강원도,원주시,2017-0203-0174,2017-07-17,2018-07-16,,,,강원도 원주시 호저면 만종리 838-1,,쌈채,5593,,2017-07-17,노승민,,,강원도 원주시청,2017-11-03
000301,강원도,원주시,2017-0203-0175,2017-07-17,2018-07-16,,,,강원도 원주시 호저면 만종리 838-1,,열무,5593,,2017-07-17,노승민,,,강원도 원주시청,2017-11-03
000302,강원도,원주시,2017-0202-0044,2017-05-17,2018-05-16,,,,강원도 원주시 호저면 만종리 838-1,,감자,5593,,2017-05-17,노승민,,,강원도 원주시청,2017-11-03
000303,강원도,원주시,2017-0206-0073,2017-06-08,2018-06-07,,,,강원도 원주시 호저면 무장리 516-3,,표고버섯,3003,,2017-06-08,박용대,,,강원도 원주시청,2017-11-03
000304,강원도,원주시,2017-0202-0127,2017-06-29,2018-06-28,,,,강원도 원주시 호저면 산현리 24-1,,감자,2981,,2017-06-29,원철호,,,강원도 원주시청,2017-11-03
000305,강원도,원주시,2017-0204-0128,2017-06-29,2018-06-28,,,,강원도 원주시 호저면 산현리 24-2,,양파,949,,2017-06-29,원철호,,,강원도 원주시청,2017-11-03
000306,강원도,원주시,2017-0204-0124,2017-06-29,2018-06-28,,,,강원도 원주시 호저면 산현리 24-5~6,,양파,2462,,2017-06-29,원순규,,,강원도 원주시청,2017-11-03
000307,강원도,원주시,2017-0202-0125,2017-06-29,2018-06-28,,,,강원도 원주시 호저면 산현리 24-7,,감자,872,,2017-06-29,원순규,,,강원도 원주시청,2017-11-03
000308,강원도,원주시,2017-0202-0085,2017-06-14,2018-06-13,,,,강원도 원주시 호저면 산현리 31-3,,감자,2757,,2017-06-14,원영문,,,강원도 원주시청,2017-11-03
000309,강원도,원주시,2017-0202-0086,2017-06-14,2018-06-13,,,,강원도 원주시 호저면 산현리 352,,양파,2476,,2017-06-14,원영문,,,강원도 원주시청,2017-11-03
000310,강원도,원주시,2017-0204-0129,2017-06-29,2018-06-28,,,,강원도 원주시 호저면 산현리 440-5,,양파,2170,,2017-06-29,원호성,,,강원도 원주시청,2017-11-03
000311,강원도,원주시,2017-0202-0130,2017-06-29,2018-06-28,,,,강원도 원주시 호저면 산현리 440-6,,감자,1773,,2017-06-29,원호성,,,강원도 원주시청,2017-11-03
000312,강원도,원주시,2017-0206-0091,2017-06-14,2018-06-13,,,,강원도 원주시 호저면 옥산리 584-1,,표고버섯,3216,,2017-06-14,천현숙,,,강원도 원주시청,2017-11-03
000313,강원도,원주시,2017-0203-0111,2017-06-20,2018-06-19,,,,강원도 원주시 호저면 주산리 119-1,,양상추,1724,,2017-06-20,차선옥,,,강원도 원주시청,2017-11-03
000314,강원도,원주시,2017-0204-0146,2017-07-03,2018-07-02,,,,강원도 원주시 호저면 주산리 64,,양파,1660,,2017-07-03,송영규,,,강원도 원주시청,2017-11-03
000315,강원도,원주시,2017-0302-0197,2017-07-24,2018-07-23,,,,강원도 원주시 호저면 주산리 959,,복숭아,2235,,2017-07-24,정인철,,,강원도 원주시청,2017-11-03
000316,강원도,원주시,2017-0302-0198,2017-07-24,2018-07-23,,,,강원도 원주시 호저면 주산리 산22,,복숭아,8250,,2017-07-24,차선옥,,,강원도 원주시청,2017-11-03
000317,강원도,원주시,2017-0202-0095,2017-06-19,2018-06-18,,,,강원도 원주시 흥업면 대안리 1017-4,,무,1165,,2017-06-19,김종철,,,강원도 원주시청,2017-11-03
000318,강원도,원주시,2017-0203-0060,2017-05-24,2018-05-23,,,,강원도 원주시 흥업면 대안리 1028,,배추,1127,,2017-05-24,지상철,,,강원도 원주시청,2017-11-03
000319,강원도,원주시,2017-0203-0333,2017-11-02,2018-11-01,,,,강원도 원주시 흥업면 대안리 1029-2,,배추,491,,2017-11-02,지상철,,,강원도 원주시청,2017-11-03
000320,강원도,원주시,2017-0204-0096,2017-06-19,2018-06-18,,,,강원도 원주시 흥업면 대안리 192,,마늘,1137,,2017-06-19,김종철,,,강원도 원주시청,2017-11-03
000321,강원도,원주시,2017-0204-0097,2017-06-19,2018-06-18,,,,강원도 원주시 흥업면 대안리 192,,양파,1137,,2017-06-19,김종철,,,강원도 원주시청,2017-11-03
000322,강원도,원주시,2017-0202-0140,2017-07-03,2018-07-02,,,,강원도 원주시 흥업면 대안리 26,,감자,3604,,2017-07-03,김영호,,,강원도 원주시청,2017-11-03
000323,강원도,원주시,2017-0202-0141,2017-07-03,2018-07-02,,,,강원도 원주시 흥업면 대안리 941-2,,감자,1986,,2017-07-03,김영호,,,강원도 원주시청,2017-11-03
000324,강원도,원주시,2017-0202-0156,2017-07-03,2018-07-02,,,,강원도 원주시 흥업면 매지리 220-1,,감자,2926,,2017-07-03,전영환,,,강원도 원주시청,2017-11-03
000325,강원도,원주시,2017-0202-0149,2017-07-03,2018-07-02,,,,강원도 원주시 흥업면 매지리 911~913,,감자,3000,,2017-07-03,우재훈,,,강원도 원주시청,2017-11-03
000326,강원도,원주시,2017-0204-0150,2017-07-03,2018-07-02,,,,강원도 원주시 흥업면 매지리 911~913,,양파,3000,,2017-07-03,우재훈,,,강원도 원주시청,2017-11-03
000327,강원도,원주시,2017-0204-0065,2017-06-01,2018-05-31,,,,강원도 원주시 흥업면 매지리 911~913,,실파,3000,,2017-06-01,우재훈,,,강원도 원주시청,2017-11-03
000328,강원도,원주시,2017-0203-0020,2017-04-17,2018-04-16,,,,강원도 원주시 흥업면 매지리 915-4,,부추,719,,2017-04-17,우재훈,,,강원도 원주시청,2017-11-03
000329,강원도,원주시,2017-0203-0019,2017-04-17,2018-04-16,,,,강원도 원주시 흥업면 매지리 915-8,,시금치,2106,,2017-04-17,우재훈,,,강원도 원주시청,2017-11-03
000330,강원도,원주시,2017-0203-0066,2017-06-01,2018-05-31,,,,강원도 원주시 흥업면 매지리 922,,얼갈이배추,278,,2017-06-01,우재훈,,,강원도 원주시청,2017-11-03
000331,강원도,원주시,2017-0204-0167,2017-07-11,2018-07-10,,,,강원도 원주시 흥업면 매지리 986,,대파,3841,,2017-07-11,유병석,,,강원도 원주시청,2017-11-03
000332,강원도,원주시,2017-0202-0012,2017-03-29,2018-03-28,,,,강원도 원주시 흥업면 사제리 1412-3,,돼지감자,1646,,2017-03-29,김기성,,,강원도 원주시청,2017-11-03
000333,강원도,원주시,2017-0201-0250,2017-08-16,2018-08-15,,,,강원도 원주시 흥업면 사제리 1470-2,,단호박,1164,,2017-08-16,원정호,,,강원도 원주시청,2017-11-03
000334,강원도,원주시,2017-0203-0098,2017-06-19,2018-06-18,,,,강원도 원주시 흥업면 사제리 1785-2,,얼갈이배추,4304,,2017-06-19,김종철,,,강원도 원주시청,2017-11-03
000335,강원도,원주시,2017-0201-0099,2017-06-19,2018-06-18,,,,강원도 원주시 흥업면 사제리 1785-2,,오이,4304,,2017-06-19,김종철,,,강원도 원주시청,2017-11-03
000336,강원도,원주시,2017-0203-0100,2017-06-19,2018-06-18,,,,강원도 원주시 흥업면 사제리 1785-2,,양배추,4304,,2017-06-19,김종철,,,강원도 원주시청,2017-11-03
000337,강원도,원주시,2017-0202-0101,2017-06-19,2018-06-18,,,,강원도 원주시 흥업면 사제리 1785-2,,감자,4304,,2017-06-19,김종철,,,강원도 원주시청,2017-11-03
000338,강원도,원주시,2017-0203-0327,2017-11-02,2018-11-01,,,,강원도 원주시 흥업면 사제리 241-5,,갓,2589,,2017-11-02,강일수,,,강원도 원주시청,2017-11-03
000339,강원도,원주시,2017-0204-0058,2017-05-24,2018-05-23,,,,강원도 원주시 흥업면 사제리 356-4,,실파,2006,,2017-05-24,이종갑,,,강원도 원주시청,2017-11-03
000340,강원도,원주시,2017-0303-0235,2017-08-10,2018-08-09,,,,강원도 원주시 흥업면 흥업리 1567-22,,포도,2974,,2017-08-10,간태영,,,강원도 원주시청,2017-11-03
000341,강원도,원주시,2017-0303-0236,2017-08-10,2018-08-09,,,,강원도 원주시 흥업면 흥업리 1567-22,,청포도,2974,,2017-08-10,간태영,,,강원도 원주시청,2017-11-03
000182,강원도,원주시,2017-0101-0158,2017-07-03,2018-07-02,,,,강원도 원주시 문막읍 비두리 1112-1,,밀,749,,2017-07-03,최은희,,,강원도 원주시청,2017-11-03
000183,강원도,원주시,2017-0206-0039,2017-05-10,2018-05-09,,,,강원도 원주시 문막읍 비두리 1513,,표고버섯,2926,,2017-05-10,이윤숙,,,강원도 원주시청,2017-11-03
000184,강원도,원주시,2017-0303-0310,2017-10-18,2018-10-17,,,,강원도 원주시 문막읍 취병리 742-1,,아로니아,4850,,2017-10-18,임수경,,,강원도 원주시청,2017-11-03
000185,강원도,원주시,2017-0203-0159,2017-07-05,2018-07-04,,,,강원도 원주시 문막읍 취병리 766,,민들레,1633,,2017-07-05,나병선,,,강원도 원주시청,2017-11-03
000186,강원도,원주시,2017-0204-0193,2017-07-24,2018-07-23,,,,강원도 원주시 문막읍 취병리 766,,대파,1633,,2017-07-24,나병선,,,강원도 원주시청,2017-11-03
000187,강원도,원주시,2017-0203-0013,2017-03-29,2018-03-28,,,,강원도 원주시 문막읍 취병리 766,,시금치,1633,,2017-03-29,나병선,,,강원도 원주시청,2017-11-03
000188,강원도,원주시,2017-0203-0015,2017-04-17,2018-04-16,,,,강원도 원주시 문막읍 취병리 766,,봄동,1633,,2017-04-17,나병선,,,강원도 원주시청,2017-11-03
000189,강원도,원주시,2017-0203-0016,2017-04-17,2018-04-16,,,,강원도 원주시 문막읍 취병리 766,,유채,1633,,2017-04-17,나병선,,,강원도 원주시청,2017-11-03
000190,강원도,원주시,2017-0203-0025,2017-04-24,2018-04-23,,,,강원도 원주시 문막읍 취병리 766,,열무,1633,,2017-04-24,나병선,,,강원도 원주시청,2017-11-03
000191,강원도,원주시,2017-0203-0031,2017-05-04,2018-05-03,,,,강원도 원주시 문막읍 취병리 766,,오가피,1633,,2017-05-04,나병선,,,강원도 원주시청,2017-11-03
000192,강원도,원주시,2017-0203-0117,2017-06-29,2018-06-28,,,,강원도 원주시 문막읍 취병리 766,,눈개승마(삼나물),1633,,2017-06-29,나병선,,,강원도 원주시청,2017-11-03
000193,강원도,원주시,2017-0202-0118,2017-06-29,2018-06-28,,,,강원도 원주시 문막읍 취병리 766,,감자,1633,,2017-06-29,나병선,,,강원도 원주시청,2017-11-03
000194,강원도,원주시,2017-0203-0119,2017-06-29,2018-06-28,,,,강원도 원주시 문막읍 취병리 766,,곤드레,1633,,2017-06-29,나병선,,,강원도 원주시청,2017-11-03
000195,강원도,원주시,2017-0201-0070,2017-06-08,2018-06-07,,,,강원도 원주시 문막읍 후용리 1572,,방울토마토(대추),1979,,2017-06-08,김송섭,,,강원도 원주시청,2017-11-03
000196,강원도,원주시,2017-0202-0071,2017-06-08,2018-06-07,,,,강원도 원주시 문막읍 후용리 1572,,토마토,1979,,2017-06-08,김송섭,,,강원도 원주시청,2017-11-03
000197,강원도,원주시,2017-0101-0158,2017-07-03,2018-07-02,,,,강원도 원주시 문막읍 후용리 854-2,,밀,1367,,2017-07-03,최은희,,,강원도 원주시청,2017-11-03
000198,강원도,원주시,2017-0204-0041,2017-05-17,2018-05-16,,,,강원도 원주시 반곡동281-1,,대파,2484,,2017-05-17,김원경,,,강원도 원주시청,2017-11-03
000199,강원도,원주시,2017-0203-0042,2017-05-17,2018-05-16,,,,강원도 원주시 반곡동281-1,,배추,2484,,2017-05-17,김원경,,,강원도 원주시청,2017-11-03
000200,강원도,원주시,2017-0201-0082,2017-06-14,2018-06-13,,,,강원도 원주시 반곡동281-1,,토마토,2484,,2017-06-14,김원경,,,강원도 원주시청,2017-11-03
000201,강원도,원주시,2017-0202-0083,2017-06-14,2018-06-13,,,,강원도 원주시 반곡동281-1,,감자,2484,,2017-06-14,김원경,,,강원도 원주시청,2017-11-03
000202,강원도,원주시,2017-0202-0272,2017-09-12,2018-09-11,,,,강원도 원주시 반곡동667-1,,고구마,2185,,2017-09-12,이영회,,,강원도 원주시청,2017-11-03
000203,강원도,원주시,2017-0201-0300,2017-09-29,2018-09-28,,,,강원도 원주시 반곡동683-2,,애플수박,2469,,2017-09-29,안상윤,,,강원도 원주시청,2017-11-03
000204,강원도,원주시,2017-0203-0301,2017-09-29,2018-09-28,,,,강원도 원주시 반곡동683-2,,모린가,2469,,2017-09-29,안상윤,,,강원도 원주시청,2017-11-03
000205,강원도,원주시,2017-0303-0237,2017-08-10,2018-08-09,,,,강원도 원주시 반곡동92-9,,포도,2659,,2017-08-10,조봉열,,,강원도 원주시청,2017-11-03
000206,강원도,원주시,2017-0201-0053,2017-05-24,2018-05-23,,,,강원도 원주시 부론면 노림리 1253,,애호박,4000,,2017-05-24,김원섭,,,강원도 원주시청,2017-11-03
000207,강원도,원주시,2017-0301-0241,2017-08-16,2018-08-15,,,,강원도 원주시 부론면 노림리 1336~8,,사과,6989,,2017-08-16,김덕래,,,강원도 원주시청,2017-11-03
000208,강원도,원주시,2017-0303-0002,2017-01-02,2018-01-01,,,,강원도 원주시 부론면 노림리 1500,,딸기,1565,,2017-01-02,김동성,,,강원도 원주시청,2017-11-03
000209,강원도,원주시,2017-0201-0204,2017-07-26,2018-07-25,,,,강원도 원주시 부론면 노림리 350,,애호박,5563,,2017-07-26,한만일,,,강원도 원주시청,2017-11-03
000210,강원도,원주시,2017-0303-0245,2017-08-16,2018-08-15,,,,강원도 원주시 부론면 법천리 1002-3,,아로니아베리,1320,,2017-08-16,지정구,,,강원도 원주시청,2017-11-03
000211,강원도,원주시,2017-0201-0246,2017-08-16,2018-08-15,,,,강원도 원주시 부론면 법천리 1031-1,,홍고추,3252,,2017-08-16,지정구,,,강원도 원주시청,2017-11-03
000212,강원도,원주시,2017-0102-0003,2017-01-02,2018-01-01,,,,강원도 원주시 부론면 손곡리 1007~9,,콩(백태),5576,,2017-01-02,이기호,,,강원도 원주시청,2017-11-03
000213,강원도,원주시,2017-0202-0152,2017-07-03,2018-07-02,,,,강원도 원주시 부론면 손곡리 1009,,감자,1507,,2017-07-03,이기호,,,강원도 원주시청,2017-11-03
000214,강원도,원주시,2017-0203-0045,2017-05-17,2018-05-16,,,,강원도 원주시 부론면 손곡리 1406-3,,미나리,1744,,2017-05-17,유정매,,,강원도 원주시청,2017-11-03
000215,강원도,원주시,2017-0301-0320,2017-10-25,2018-10-24,,,,강원도 원주시 부론면 손곡리 산210,,사과,14850,,2017-10-25,안만희,,,강원도 원주시청,2017-11-03
000216,강원도,원주시,2017-0302-0189,2017-07-17,2018-07-16,,,,강원도 원주시 부론면 정산리 1168-1,,복숭아,2777,,2017-07-17,한기옥,,,강원도 원주시청,2017-11-03
000217,강원도,원주시,2017-0301-0244,2017-08-16,2018-08-15,,,,강원도 원주시 부론면 정산리 1978~9,,사과,3332,,2017-08-16,지정구,,,강원도 원주시청,2017-11-03
000218,강원도,원주시,2017-0201-0186,2017-07-17,2018-07-16,,,,강원도 원주시 부론면 정산리 2319-1,,애호박,9480,,2017-07-17,한기옥,,,강원도 원주시청,2017-11-03
000219,강원도,원주시,2017-0304-0261,2017-08-31,2018-08-30,,,,강원도 원주시 부론면 흥호리 1008-4,,땅콩,566,,2017-08-31,곽영분,,,강원도 원주시청,2017-11-03
000220,강원도,원주시,2017-0202-0262,2017-08-31,2018-08-30,,,,강원도 원주시 부론면 흥호리 1008-4,,감자,566,,2017-08-31,곽영분,,,강원도 원주시청,2017-11-03
000221,강원도,원주시,2017-0206-0291,2017-09-27,2018-09-26,,,,강원도 원주시 부론면 흥호리 400,,표고버섯,2741,,2017-09-27,김상만,,,강원도 원주시청,2017-11-03
000222,강원도,원주시,2017-0204-0113,2017-06-29,2018-06-28,,,,강원도 원주시 소초면 둔둔리 586-1,,마늘,1496,,2017-06-29,고응열,,,강원도 원주시청,2017-11-03
000223,강원도,원주시,2017-0202-0112,2017-06-29,2018-06-28,,,,강원도 원주시 소초면 둔둔리 600,,감자,3911,,2017-06-29,고응열,,,강원도 원주시청,2017-11-03
000224,강원도,원주시,2017-0204-0223,2017-08-08,2018-08-07,,,,강원도 원주시 소초면 수암리 1488,,대파,3977,,2017-08-08,오석근,,,강원도 원주시청,2017-11-03
000225,강원도,원주시,2017-0204-0034,2017-05-04,2018-05-03,,,,강원도 원주시 소초면 수암리 1560,,대파,2258,,2017-05-04,오석근,,,강원도 원주시청,2017-11-03
000226,강원도,원주시,2017-0203-0035,2017-05-04,2018-05-03,,,,강원도 원주시 소초면 수암리 1560,,시금치,2258,,2017-05-04,오석근,,,강원도 원주시청,2017-11-03
000227,강원도,원주시,2017-0201-0032,2017-05-04,2018-05-03,,,,강원도 원주시 소초면 수암리 1590,,토마토,6952,,2017-05-04,오근용,,,강원도 원주시청,2017-11-03
000228,강원도,원주시,2017-0201-0033,2017-05-04,2018-05-03,,,,강원도 원주시 소초면 수암리 1590,,방울토마토(대추),6952,,2017-05-04,오근용,,,강원도 원주시청,2017-11-03
000229,강원도,원주시,2017-0201-0221,2017-08-08,2018-08-07,,,,강원도 원주시 소초면 수암리 1591,,오이,1924,,2017-08-08,오근용,,,강원도 원주시청,2017-11-03
000230,강원도,원주시,2017-0204-0123,2017-06-29,2018-06-28,,,,강원도 원주시 소초면 수암리 1591,,양파,1924,,2017-06-29,오근용,,,강원도 원주시청,2017-11-03
000231,강원도,원주시,2017-0206-0161,2017-07-07,2018-07-06,,,,강원도 원주시 소초면 장양리 1232,,표고버섯,4457,,2017-07-07,임미숙,,,강원도 원주시청,2017-11-03
000232,강원도,원주시,2017-0201-0263,2017-08-31,2018-08-30,,,,강원도 원주시 소초면 평장리 1235-1,,홍고추,1431,,2017-08-31,신장현,,,강원도 원주시청,2017-11-03
000233,강원도,원주시,2017-0303-0078,2017-06-08,2018-06-07,,,,강원도 원주시 소초면 평장리 278-1,,블루베리,1072,,2017-06-08,정선미,,,강원도 원주시청,2017-11-03
000234,강원도,원주시,2017-0303-0232,2017-08-08,2018-08-07,,,,강원도 원주시 소초면 평장리 371,,아로니아,2017,,2017-08-08,정연주,,,강원도 원주시청,2017-11-03
000235,강원도,원주시,2017-0204-0121,2017-06-29,2018-06-28,,,,강원도 원주시 소초면 평장리 380,,마늘,3924,,2017-06-29,조성휘,,,강원도 원주시청,2017-11-03
000236,강원도,원주시,2017-0203-0047,2017-05-17,2018-05-16,,,,강원도 원주시 소초면 평장리 524,,오가피,962,,2017-05-17,이규성,,,강원도 원주시청,2017-11-03
000237,강원도,원주시,2017-0302-0260,2017-08-22,2018-08-21,,,,강원도 원주시 소초면 평장리 577,,복숭아,4664,,2017-08-22,류경숙,,,강원도 원주시청,2017-11-03
000238,강원도,원주시,2017-0303-0231,2017-08-08,2018-08-07,,,,강원도 원주시 소초면 평장리 64,,아로니아,2423,,2017-08-08,정선미,,,강원도 원주시청,2017-11-03
000239,강원도,원주시,2017-0303-0067,2017-06-01,2018-05-31,,,,강원도 원주시 소초면 평장리 64,,블랙커런트베리,2423,,2017-06-01,정선미,,,강원도 원주시청,2017-11-03
000240,강원도,원주시,2017-0304-0304,2017-10-11,2018-10-10,,,,강원도 원주시 소초면 평장리 641,,땅콩,1980,,2017-10-11,정선미,,,강원도 원주시청,2017-11-03
000241,강원도,원주시,2017-0204-0326,2017-10-25,2018-10-24,,,,강원도 원주시 소초면 평장리 641,,쪽파,1980,,2017-10-25,정선미,,,강원도 원주시청,2017-11-03
000242,강원도,원주시,2017-0204-0242,2017-08-16,2018-08-15,,,,강원도 원주시 소초면 평장리 680,,마늘,2393,,2017-08-16,김정옥,,,강원도 원주시청,2017-11-03
000243,강원도,원주시,2017-0302-0218,2017-08-08,2018-08-07,,,,강원도 원주시 소초면 평장리 산177,,복숭아,13200,,2017-08-08,신옥순,,,강원도 원주시청,2017-11-03
000244,강원도,원주시,2017-0302-0219,2017-08-08,2018-08-07,,,,강원도 원주시 소초면 평장리 산177,,자두,660,,2017-08-08,신옥순,,,강원도 원주시청,2017-11-03
000245,강원도,원주시,2017-0302-0168,2017-07-11,2018-07-10,,,,강원도 원주시 소초면 평장리 산193-1,,복숭아,9900,,2017-07-11,이규성,,,강원도 원주시청,2017-11-03
000246,강원도,원주시,2017-0302-0162,2017-07-11,2018-07-10,,,,강원도 원주시 소초면 학곡리 225,,복숭아,8430,,2017-07-11,김영일,,,강원도 원주시청,2017-11-03
000247,강원도,원주시,2017-0301-0321,2017-10-25,2018-10-24,,,,강원도 원주시 소초면 학곡리 236,,사과,1008,,2017-10-25,오경환,,,강원도 원주시청,2017-11-03
000248,강원도,원주시,2017-0302-0166,2017-07-11,2018-07-10,,,,강원도 원주시 소초면 학곡리 238-2,,복숭아,8117,,2017-07-11,안주언,,,강원도 원주시청,2017-11-03
000249,강원도,원주시,2017-0302-0172,2017-07-11,2018-07-10,,,,강원도 원주시 소초면 학곡리 239-3,,복숭아,2297,,2017-07-11,장제홍,,,강원도 원주시청,2017-11-03
000250,강원도,원주시,2017-0302-0163,2017-07-11,2018-07-10,,,,강원도 원주시 소초면 학곡리 61~64,,복숭아,3870,,2017-07-11,김주덕,,,강원도 원주시청,2017-11-03
000251,강원도,원주시,2017-0203-0018,2017-04-17,2018-04-16,,,,강원도 원주시 소초면 흥양리 370,,산채,3233,,2017-04-17,신재성,,,강원도 원주시청,2017-11-03
000252,강원도,원주시,2017-0204-0029,2017-04-24,2018-04-23,,,,강원도 원주시 신림면 구학리 19-2,,쪽파,1558,,2017-04-24,황상연,,,강원도 원주시청,2017-11-03
000253,강원도,원주시,2017-0203-0040,2017-05-10,2018-05-09,,,,강원도 원주시 신림면 구학리 19-2,,곰취,1558,,2017-05-10,황상연,,,강원도 원주시청,2017-11-03
000254,강원도,원주시,2017-0202-0190,2017-07-17,2018-07-16,,,,강원도 원주시 신림면 구학리 655,,무,3954,,2017-07-17,황상연,,,강원도 원주시청,2017-11-03
000255,강원도,원주시,2017-0301-0290,2017-09-25,2018-09-24,,,,강원도 원주시 신림면 금창리 283-1,,배,5810,,2017-09-25,조정치,,,강원도 원주시청,2017-11-03
000256,강원도,원주시,2017-0203-0063,2017-05-24,2018-05-23,,,,강원도 원주시 신림면 송계리 1040,,배추,3932,,2017-05-24,이상덕,,,강원도 원주시청,2017-11-03
000257,강원도,원주시,2017-0303-0001,2017-01-02,2018-01-01,,,,강원도 원주시 신림면 용암리 1308,,딸기,1488,,2017-01-02,김귀자,,,강원도 원주시청,2017-11-03
